,고객ID,Recency,Frequency,Monetary,ratio,평균구매주기
0,USER_0000,107,1,30.99,1.0,107
1,USER_0001,59,31,13834.900000000001,0.01075268817204301,168
2,USER_0002,73,8,1442.12,0.059782608695652176,155
3,USER_0003,17,11,1360.07,0.03208556149732621,17
4,USER_0004,107,13,1442.47,0.023504273504273508,107
5,USER_0005,130,3,601.81,0.041666666666666664,130
6,USER_0006,189,44,6914.31,0.005244755244755245,124
7,USER_0007,24,5,471.58,0.04285714285714286,24
8,USER_0008,40,37,9950.31,0.00737100737100737,159
9,USER_0009,99,39,4954.12,0.007803790412486065,60
10,USER_0010,156,6,581.89,0.09999999999999999,201
11,USER_0011,114,10,702.22,0.005263157894736842,114
12,USER_0012,122,13,2233.4300000000003,0.03146853146853147,75
13,USER_0013,164,14,1383.6399999999999,0.020089285714285716,162
14,USER_0014,94,6,677.16,0.0909090909090909,94
15,USER_0015,10,14,2297.2999999999997,0.01098901098901099,10
16,USER_0016,131,10,2916.34,0.046153846153846156,87
17,USER_0017,17,6,601.36,0.023809523809523808,9
18,USER_0018,140,24,2772.53,0.012411347517730495,58
19,USER_0019,74,15,1661.75,0.024444444444444442,100
20,USER_0020,76,6,2012.17,0.12121212121212122,76
21,USER_0021,102,9,1024.12,0.042735042735042736,52
22,USER_0022,172,8,725.93,0.0546875,172
23,USER_0023,170,3,1326.77,0.15384615384615385,248
24,USER_0024,262,10,2239.74,0.03,262
25,USER_0025,40,32,5600.17,0.009943181818181818,137
26,USER_0026,265,55,13829.98,0.0058132343846629565,149
27,USER_0027,222,1,31.519999999999996,0.6666666666666666,222
28,USER_0028,17,14,2466.96,0.011904761904761904,80
29,USER_0029,277,11,1731.18,0.05785123966942149,139
30,USER_0030,103,57,9722.05,0.005905853743269064,103
31,USER_0031,13,6,1250.89,0.08333333333333333,13
32,USER_0032,51,7,1379.78,0.03571428571428571,51
33,USER_0033,15,70,13907.84,0.004464285714285714,61
34,USER_0034,62,67,11417.33,0.006159677801468846,215
35,USER_0035,60,27,6791.9400000000005,0.0154320987654321,90
36,USER_0036,33,13,3155.61,0.028490028490028487,210
37,USER_0037,26,2,252.79,0.25,26
38,USER_0038,147,14,1290.43,0.025510204081632654,147
39,USER_0039,151,13,10068.55,0.021739130434782608,94
40,USER_0040,166,6,993.38,0.023809523809523808,166
41,USER_0041,149,35,5335.14,0.011078717201166181,149
42,USER_0042,150,6,781.67,0.06666666666666667,150
43,USER_0043,123,22,2717.19,0.015856236786469344,123
44,USER_0044,164,5,414.90999999999997,0.11428571428571428,90
45,USER_0045,140,3,65.75999999999999,0.19999999999999998,140
46,USER_0046,41,71,10021.23,0.003873239436619719,87
47,USER_0047,15,21,5118.8099999999995,0.02150537634408602,15
48,USER_0048,157,1,10.63,0.0,157
49,USER_0049,104,12,1393.55,0.02586206896551724,104
50,USER_0050,171,4,1271.1399999999999,0.046875,171
51,USER_0051,131,3,497.77,0.2380952380952381,131
52,USER_0052,139,5,547.75,0.125,70
53,USER_0053,107,6,1636.97,0.016666666666666666,107
54,USER_0054,34,22,4510.39,0.01759530791788856,34
55,USER_0055,151,8,1233.68,0.009615384615384616,151
56,USER_0056,53,100,19024.0,0.0028877005347593583,57
57,USER_0057,21,32,4120.18,0.0087890625,111
58,USER_0058,188,9,1680.26,0.03333333333333333,188
59,USER_0059,69,14,1478.7,0.018315018315018312,59
60,USER_0060,136,4,277.62,0.1388888888888889,176
61,USER_0061,20,11,2786.23,0.03305785123966942,70
62,USER_0062,10,71,12235.27,0.004726992089523442,210
63,USER_0063,45,5,1599.95,0.12727272727272726,45
64,USER_0064,202,33,5932.2,0.009497964721845319,202
65,USER_0065,56,40,5677.5,0.009868421052631578,68
66,USER_0066,151,15,2361.48,0.019047619047619046,288
67,USER_0067,160,26,3809.52,0.011954261954261953,90
68,USER_0068,302,1,18.99,0.0,302
69,USER_0069,59,21,4440.63,0.014652014652014652,59
70,USER_0070,92,5,849.0799999999999,0.05,92
71,USER_0071,15,8,783.38,0.075,161
72,USER_0072,136,4,572.3299999999999,0.1388888888888889,136
73,USER_0073,256,2,283.19,0.0,256
74,USER_0074,65,4,339.35,0.046875,65
75,USER_0075,187,20,2434.21,0.01818181818181818,113
76,USER_0076,15,24,5886.88,0.016522988505747127,47
77,USER_0077,27,34,5100.25,0.008779631255487268,40
78,USER_0078,56,26,4378.81,0.013333333333333334,68
79,USER_0079,135,1,60.79,0.5,135
80,USER_0080,51,8,2440.42,0.0703125,51
81,USER_0081,188,28,3882.93,0.010781671159029648,107
82,USER_0082,257,1,14.379999999999999,0.5,257
83,USER_0083,144,7,2435.4700000000003,0.06349206349206349,144
84,USER_0084,87,26,2731.26,0.013574660633484163,57
85,USER_0085,12,16,2969.7,0.029411764705882353,350
86,USER_0086,90,5,765.99,0.08,90
87,USER_0087,103,2,82.8,0.125,79
88,USER_0088,205,2,37.98,0.25,205
89,USER_0089,31,38,6682.5199999999995,0.007823613086770981,168
90,USER_0090,123,3,255.14999999999998,0.13333333333333333,123
91,USER_0091,113,11,1769.83,0.027667984189723323,113
92,USER_0092,21,10,1364.93,0.03333333333333333,21
93,USER_0093,172,3,202.98000000000002,0.0,172
94,USER_0094,28,88,15419.82,0.003261312678353037,77
95,USER_0095,20,68,12186.51,0.004052802223251505,106
96,USER_0096,92,38,9876.199999999999,0.008544087491455913,86
97,USER_0097,334,6,958.58,0.023809523809523808,334
98,USER_0098,65,8,1320.62,0.06666666666666667,76
99,USER_0099,78,4,1708.95,0.05555555555555555,78
100,USER_0100,186,13,1644.3799999999999,0.023076923076923075,186
101,USER_0101,123,21,2806.98,0.012987012987012986,160
102,USER_0102,53,16,3030.23,0.030303030303030304,126
103,USER_0103,10,27,3743.1,0.012608353033884948,92
104,USER_0104,34,26,6810.07,0.015384615384615385,192
105,USER_0105,178,10,1944.75,0.05,174
106,USER_0106,132,7,529.04,0.07792207792207792,132
107,USER_0107,325,14,4812.79,0.023809523809523808,163
108,USER_0108,44,16,1912.6399999999999,0.025,165
109,USER_0109,81,8,917.73,0.0625,81
110,USER_0110,134,7,545.52,0.04395604395604396,134
111,USER_0111,34,38,12269.800000000001,0.006791171477079796,234
112,USER_0112,171,2,79.94999999999999,0.25,171
113,USER_0113,41,18,2890.57,0.016795865633074933,134
114,USER_0114,137,1,141.85,0.5,137
115,USER_0115,335,8,1778.57,0.056818181818181816,335
116,USER_0116,68,34,9363.55,0.008928571428571428,35
117,USER_0117,94,10,1729.89,0.034999999999999996,172
118,USER_0118,107,328,74601.36,0.001105457097736445,17
119,USER_0119,152,20,1979.47,0.018269230769230767,164
120,USER_0120,10,17,3721.8999999999996,0.015898251192368842,10
121,USER_0121,263,1,49.98,1.0,263
122,USER_0122,304,8,1080.69,0.0546875,153
123,USER_0123,55,28,5447.88,0.011904761904761904,55
124,USER_0124,142,28,4114.4,0.012175324675324674,132
125,USER_0125,13,7,1401.16,0.06593406593406594,16
126,USER_0126,30,3,529.59,0.1111111111111111,30
127,USER_0127,7,15,2355.4700000000003,0.025396825396825397,217
128,USER_0128,64,32,4045.21,0.008928571428571428,78
129,USER_0129,245,8,700.21,0.026785714285714284,245
130,USER_0130,362,2,140.3,0.25,362
131,USER_0131,144,11,2315.97,0.045454545454545456,254
132,USER_0132,212,7,355.34000000000003,0.06722689075630252,157
133,USER_0133,302,5,557.99,0.05714285714285714,302
134,USER_0134,111,5,633.02,0.05454545454545454,111
135,USER_0135,53,31,7699.88,0.009216589861751152,153
136,USER_0136,89,6,1023.26,0.06944444444444445,112
137,USER_0137,25,19,2884.5499999999997,0.022941970310391364,13
138,USER_0138,360,28,4323.49,0.012106537530266344,360
139,USER_0139,185,23,3602.29,0.01410105757931845,125
140,USER_0140,34,49,11711.93,0.006864564007421151,126
141,USER_0141,8,9,2785.79,0.06349206349206349,8
142,USER_0142,28,12,2015.76,0.043478260869565216,30
143,USER_0143,68,23,4590.74,0.014492753623188404,37
144,USER_0144,348,3,890.3299999999999,0.2222222222222222,348
145,USER_0145,209,1,238.0,0.0,209
146,USER_0146,212,24,3433.81,0.011494252873563218,107
147,USER_0147,49,19,5419.64,0.018306636155606407,221
148,USER_0148,269,1,34.15,0.5,269
149,USER_0149,115,31,3794.47,0.013196480938416423,199
150,USER_0150,239,1,1.2,0.0,239
151,USER_0151,122,11,1355.09,0.053475935828877004,138
152,USER_0152,32,1,228.0,0.0,32
153,USER_0153,288,2,68.75999999999999,0.125,288
154,USER_0154,343,7,1123.9,0.04395604395604396,343
155,USER_0155,86,19,3916.58,0.019736842105263157,44
156,USER_0156,164,30,5963.99,0.011864406779661017,180
157,USER_0157,117,1,15.35,0.0,117
158,USER_0158,203,8,297.3,0.0661764705882353,203
159,USER_0159,25,5,878.39,0.075,25
160,USER_0160,185,2,19.38,0.25,96
161,USER_0161,76,2,836.6,0.14814814814814814,76
162,USER_0162,145,2,192.24,0.16666666666666666,145
163,USER_0163,264,7,708.45,0.07142857142857142,264
164,USER_0164,178,7,1017.77,0.04081632653061224,90
165,USER_0165,65,25,4915.03,0.012222222222222223,127
166,USER_0166,80,6,883.55,0.075,87
167,USER_0167,0,14,3002.0099999999998,0.018796992481203006,0
168,USER_0168,152,13,891.63,0.019851116625310174,91
169,USER_0169,264,6,592.91,0.020833333333333332,133
170,USER_0170,191,10,1452.08,0.02631578947368421,159
171,USER_0171,88,2,510.4,0.1875,88
172,USER_0172,12,31,3963.39,0.009608785175017159,44
173,USER_0173,130,4,1163.22,0.08333333333333333,90
174,USER_0174,117,2,156.6,0.0,187
175,USER_0175,17,2,556.55,0.16666666666666666,17
176,USER_0176,40,7,794.51,0.05555555555555556,38
177,USER_0177,251,8,846.3399999999999,0.022727272727272728,251
178,USER_0178,65,23,2565.35,0.01932367149758454,78
179,USER_0179,65,5,842.89,0.02857142857142857,65
180,USER_0180,51,37,5588.5,0.00975975975975976,109
181,USER_0181,94,8,2103.55,0.016666666666666666,176
182,USER_0182,335,3,213.36,0.2222222222222222,335
183,USER_0183,331,28,4567.33,0.009594882729211088,331
184,USER_0184,201,6,1774.4899999999998,0.0625,156
185,USER_0185,177,4,167.75,0.041666666666666664,177
186,USER_0186,172,1,9.99,0.0,172
187,USER_0187,291,16,2046.06,0.023958333333333335,291
188,USER_0188,187,5,607.0,0.07272727272727272,187
189,USER_0189,306,4,170.83,0.045454545454545456,306
190,USER_0190,13,26,3048.79,0.015734265734265736,238
191,USER_0191,116,17,3056.33,0.020588235294117647,116
192,USER_0192,65,3,221.17000000000002,0.2380952380952381,65
193,USER_0193,4,60,10409.81,0.005339805825242719,61
194,USER_0194,116,1,179.95,0.3333333333333333,116
195,USER_0195,349,7,1435.23,0.061224489795918366,175
196,USER_0196,81,1,1.0,1.0,81
197,USER_0197,3,68,8509.75,0.004582267689684569,128
198,USER_0198,268,4,1519.96,0.08928571428571429,268
199,USER_0199,51,24,4112.0,0.012345679012345678,63
200,USER_0200,122,117,19576.4,0.0028162556898189083,88
201,USER_0201,160,6,1027.99,0.07142857142857142,160
202,USER_0202,20,176,27199.61,0.002126800794833582,31
203,USER_0203,92,9,1329.28,0.025641025641025644,121
204,USER_0204,207,4,280.93,0.10714285714285714,207
205,USER_0205,19,65,11879.72,0.005701990317374932,98
206,USER_0206,153,4,364.56,0.05,150
207,USER_0207,158,18,2915.43,0.02670940170940171,134
208,USER_0208,58,14,2364.19,0.027210884353741496,31
209,USER_0209,7,54,8497.24,0.006371963361210674,63
210,USER_0210,178,1,119.0,1.0,178
211,USER_0211,118,10,2554.54,0.034782608695652174,80
212,USER_0212,347,3,460.98,0.0,347
213,USER_0213,21,8,959.9499999999999,0.04375,21
214,USER_0214,7,29,20537.739999999998,0.008898776418242492,89
215,USER_0215,152,2,242.12,0.0,192
216,USER_0216,75,12,2001.12,0.022058823529411766,203
217,USER_0217,204,30,4320.82,0.009836065573770491,103
218,USER_0218,136,18,2224.09,0.020833333333333332,139
219,USER_0219,256,3,218.98,0.1111111111111111,256
220,USER_0220,9,33,7423.92,0.00946969696969697,9
221,USER_0221,339,7,1468.99,0.04081632653061224,170
222,USER_0222,268,4,413.53,0.109375,268
223,USER_0223,21,16,3194.9,0.01953125,20
224,USER_0224,136,1,31.99,0.6666666666666666,136
225,USER_0225,335,1,16.5,1.0,335
226,USER_0226,36,78,17809.85,0.004339250493096647,91
227,USER_0227,114,38,5652.58,0.007936507936507936,160
228,USER_0228,74,16,3252.19,0.019736842105263157,74
229,USER_0229,37,2,465.33,0.125,37
230,USER_0230,131,25,3367.7599999999998,0.012,80
231,USER_0231,170,5,809.44,0.10769230769230768,170
232,USER_0232,66,36,4892.71,0.01023391812865497,66
233,USER_0233,283,15,3603.5099999999998,0.026086956521739132,283
234,USER_0234,48,124,21689.27,0.0027326046387629965,140
235,USER_0235,220,14,1797.0900000000001,0.029017857142857144,220
236,USER_0236,146,11,1862.02,0.02727272727272727,146
237,USER_0237,152,10,1064.14,0.024324324324324326,152
238,USER_0238,68,39,5469.49,0.00999000999000999,132
239,USER_0239,18,14,1905.12,0.022321428571428572,89
240,USER_0240,11,13,2197.99,0.01775147928994083,11
241,USER_0241,110,10,343.87,0.03809523809523809,118
242,USER_0242,224,1,43.739999999999995,0.5,224
243,USER_0243,207,19,2318.21,0.016541353383458645,207
244,USER_0244,158,5,449.86,0.05,154
245,USER_0245,11,42,9669.9,0.007563025210084033,165
246,USER_0246,147,8,1299.1,0.058823529411764705,74
247,USER_0247,214,4,477.29,0.05,214
248,USER_0248,261,15,1413.67,0.015873015873015872,261
249,USER_0249,109,18,2061.69,0.022222222222222223,70
250,USER_0250,165,5,427.60999999999996,0.05,165
251,USER_0251,360,4,1281.9,0.041666666666666664,360
252,USER_0252,104,18,2531.7,0.01566951566951567,104
253,USER_0253,202,1,46.17,0.0,202
254,USER_0254,130,26,16574.14,0.01254180602006689,71
255,USER_0255,227,17,2902.24,0.018907563025210086,206
256,USER_0256,268,1,79.0,1.0,268
257,USER_0257,46,39,8257.6,0.007560815253122946,86
258,USER_0258,92,6,759.89,0.05952380952380953,82
259,USER_0259,209,5,744.84,0.03636363636363636,230
260,USER_0260,169,3,653.66,0.12698412698412698,169
261,USER_0261,345,3,465.24,0.26666666666666666,345
262,USER_0262,8,22,4333.01,0.016042780748663103,8
263,USER_0263,69,12,2141.61,0.022988505747126436,43
264,USER_0264,168,3,409.9,0.11764705882352942,168
265,USER_0265,201,8,1181.77,0.026785714285714284,201
266,USER_0266,167,42,6227.05,0.008017492711370262,81
267,USER_0267,34,7,2008.38,0.028571428571428574,207
268,USER_0268,256,8,731.94,0.07738095238095238,256
269,USER_0269,48,10,2353.71,0.023529411764705882,48
270,USER_0270,176,5,577.38,0.06666666666666667,127
271,USER_0271,44,7,1339.02,0.04395604395604396,44
272,USER_0272,156,1,139.65,0.0,156
273,USER_0273,176,11,1603.7,0.023923444976076555,175
274,USER_0274,267,23,3074.7599999999998,0.017786561264822136,133
275,USER_0275,123,15,3194.06,0.02095238095238095,123
276,USER_0276,15,10,1204.31,0.04375,15
277,USER_0277,34,10,2366.15,0.04375,60
278,USER_0278,166,4,521.92,0.0625,166
279,USER_0279,335,9,1338.56,0.032679738562091505,335
280,USER_0280,65,3,281.95,0.16666666666666666,65
281,USER_0281,32,42,7423.24,0.008241758241758242,62
282,USER_0282,206,24,3672.73,0.00935374149659864,162
283,USER_0283,151,12,804.3,0.020833333333333332,131
284,USER_0284,224,22,2298.16,0.0101010101010101,166
285,USER_0285,142,13,1564.21,0.028846153846153848,142
286,USER_0286,118,19,3009.35,0.017543859649122806,211
287,USER_0287,104,29,3433.53,0.012683313515655966,62
288,USER_0288,19,38,8915.0,0.007994670219853431,98
289,USER_0289,125,3,528.6800000000001,0.07692307692307693,74
290,USER_0290,290,1,2.8,0.0,290
291,USER_0291,172,3,262.91,0.24242424242424243,172
292,USER_0292,11,76,11318.88,0.004415400918403391,111
293,USER_0293,19,22,3988.1800000000003,0.0183982683982684,110
294,USER_0294,25,10,1110.97,0.03888888888888889,25
295,USER_0295,209,12,1894.55,0.038461538461538464,123
296,USER_0296,193,11,1431.18,0.026936026936026935,114
297,USER_0297,300,8,907.8199999999999,0.05,300
298,USER_0298,96,1,116.27,0.75,96
299,USER_0299,29,21,3335.7599999999998,0.011494252873563218,202
300,USER_0300,100,20,3764.7,0.017741935483870968,283
301,USER_0301,269,12,1565.67,0.019444444444444445,269
302,USER_0302,114,1,41.95,0.8,114
303,USER_0303,268,4,6470.26,0.08333333333333333,268
304,USER_0304,47,23,3487.87,0.010869565217391304,56
305,USER_0305,44,1,17.57,0.0,44
306,USER_0306,12,8,1145.08,0.045454545454545456,12
307,USER_0307,76,3,1041.19,0.08333333333333333,76
308,USER_0308,44,3,286.97,0.08333333333333333,44
309,USER_0309,173,40,6967.63,0.007621951219512195,200
310,USER_0310,142,8,957.58,0.028846153846153848,142
311,USER_0311,285,10,1564.09,0.04166666666666667,285
312,USER_0312,17,15,1983.21,0.021568627450980392,170
313,USER_0313,304,5,481.54,0.04444444444444444,304
314,USER_0314,12,5,898.59,0.02,12
315,USER_0315,2,16,2849.45,0.0234375,2
316,USER_0316,146,12,1788.43,0.029914529914529916,74
317,USER_0317,118,17,1476.54,0.01764705882352941,88
318,USER_0318,29,13,2783.7200000000003,0.004048582995951417,29
319,USER_0319,25,3,362.87,0.0,25
320,USER_0320,211,4,1068.84,0.08333333333333333,211
321,USER_0321,125,6,562.34,0.07407407407407407,125
322,USER_0322,34,12,1871.68,0.024305555555555556,38
323,USER_0323,189,14,1873.21,0.010714285714285714,189
324,USER_0324,21,5,1083.51,0.025,152
325,USER_0325,116,9,1073.05,0.02631578947368421,116
326,USER_0326,268,6,486.07000000000005,0.011111111111111112,135
327,USER_0327,302,5,401.79999999999995,0.07777777777777778,302
328,USER_0328,153,9,1383.23,0.035842293906810034,153
329,USER_0329,85,32,4186.96,0.007560483870967742,43
330,USER_0330,12,31,4401.14,0.009518773135906928,154
331,USER_0331,134,3,216.14,0.05555555555555555,72
332,USER_0332,151,44,5989.11,0.00899100899100899,60
333,USER_0333,104,1,36.35,0.75,104
334,USER_0334,11,37,5465.3,0.006496881496881497,88
335,USER_0335,116,14,1283.58,0.024725274725274724,59
336,USER_0336,69,1,238.0,0.0,69
337,USER_0337,362,7,1277.71,0.05714285714285715,362
338,USER_0338,41,23,4036.45,0.012228260869565218,41
339,USER_0339,40,19,2595.13,0.01697792869269949,40
340,USER_0340,152,48,6904.99,0.008541666666666666,108
341,USER_0341,8,30,4732.92,0.008130081300813007,5
342,USER_0342,19,5,963.4,0.02222222222222222,19
343,USER_0343,81,42,8242.94,0.007936507936507936,41
344,USER_0344,362,1,153.71,0.0,362
345,USER_0345,364,1,1.24,0.0,364
346,USER_0346,151,1,2.79,0.0,151
347,USER_0347,58,5,962.72,0.025,58
348,USER_0348,201,8,1674.43,0.015625,123
349,USER_0349,145,18,2027.1,0.011784511784511785,191
350,USER_0350,154,29,3984.48,0.0079960019990005,78
351,USER_0351,137,37,5142.18,0.01295816364309515,65
352,USER_0352,87,21,3330.01,0.01636904761904762,120
353,USER_0353,18,47,6817.96,0.0057161003493172435,68
354,USER_0354,117,22,3168.75,0.012626262626262626,117
355,USER_0355,23,4,280.68,0.20833333333333334,80
356,USER_0356,283,2,359.32,0.14285714285714285,283
357,USER_0357,244,5,361.93,0.05714285714285714,244
358,USER_0358,81,67,9735.58,0.004247057395947094,84
359,USER_0359,13,23,3227.58,0.014492753623188404,13
360,USER_0360,25,11,1202.76,0.028925619834710745,211
361,USER_0361,280,4,1264.98,0.10714285714285714,280
362,USER_0362,70,31,8189.92,0.009738283627510651,36
363,USER_0363,170,2,123.54,0.16666666666666666,170
364,USER_0364,12,15,3004.67,0.019444444444444445,74
365,USER_0365,18,9,854.92,0.050505050505050504,18
366,USER_0366,202,1,16.99,1.0,202
367,USER_0367,318,2,313.99,0.0,318
368,USER_0368,62,5,1103.88,0.04444444444444444,62
369,USER_0369,323,35,6430.07,0.00989010989010989,162
370,USER_0370,12,18,6915.38,0.020202020202020204,136
371,USER_0371,212,8,1192.66,0.03125,212
372,USER_0372,268,1,47.85,1.0,268
373,USER_0373,21,24,2905.25,0.015151515151515152,63
374,USER_0374,108,16,2369.12,0.015625,55
375,USER_0375,118,18,3409.24,0.017241379310344827,73
376,USER_0376,34,40,12112.3,0.008450704225352112,169
377,USER_0377,11,16,3250.2799999999997,0.019021739130434784,11
378,USER_0378,16,3,353.86,0.09523809523809523,16
379,USER_0379,192,10,931.05,0.02777777777777778,192
380,USER_0380,283,5,1162.8,0.1,283
381,USER_0381,27,7,2042.1,0.06593406593406594,27
382,USER_0382,108,1,35.0,1.0,108
383,USER_0383,58,8,1470.25,0.052083333333333336,172
384,USER_0384,18,6,751.47,0.049999999999999996,18
385,USER_0385,107,2,318.61,0.041666666666666664,107
386,USER_0386,74,8,666.76,0.07954545454545454,74
387,USER_0387,4,14,3110.21,0.022857142857142857,3
388,USER_0388,170,3,320.90999999999997,0.047619047619047616,170
389,USER_0389,87,2,2656.43,0.0,65
390,USER_0390,19,10,1411.28,0.038461538461538464,15
391,USER_0391,325,9,888.86,0.037037037037037035,185
392,USER_0392,223,2,142.82,0.16666666666666666,223
393,USER_0393,171,1,7.2,0.0,171
394,USER_0394,336,4,464.47,0.1,336
395,USER_0395,235,7,1007.81,0.044642857142857144,235
396,USER_0396,5,16,3918.72,0.025,142
397,USER_0397,88,18,2649.99,0.021464646464646464,210
398,USER_0398,111,30,4164.11,0.010897435897435897,202
399,USER_0399,109,18,10308.199999999999,0.02,149
400,USER_0400,104,4,103.39,0.027777777777777776,215
401,USER_0401,126,3,382.87,0.1111111111111111,126
402,USER_0402,89,20,3075.62,0.0171875,125
403,USER_0403,356,6,961.3,0.05555555555555555,356
404,USER_0404,29,4,696.72,0.14285714285714285,29
405,USER_0405,187,16,1481.28,0.027243589743589744,187
406,USER_0406,265,17,4227.05,0.010893246187363833,133
407,USER_0407,97,21,3219.42,0.018674136321195144,115
408,USER_0408,170,19,4179.47,0.024671052631578948,76
409,USER_0409,248,16,1327.21,0.03365384615384615,248
410,USER_0410,39,38,7589.99,0.010604870384917517,73
411,USER_0411,14,45,7393.91,0.0044444444444444444,8
412,USER_0412,158,4,115.21000000000001,0.05,282
413,USER_0413,152,4,255.82999999999998,0.11666666666666667,181
414,USER_0414,63,57,11129.12,0.005644546147978642,32
415,USER_0415,40,24,3730.12,0.01016260162601626,126
416,USER_0416,214,23,3129.0,0.015398550724637682,113
417,USER_0417,64,25,3856.9900000000002,0.013999999999999999,124
418,USER_0418,94,33,5324.78,0.013774104683195593,98
419,USER_0419,81,10,2090.9700000000003,0.0375,81
420,USER_0420,356,3,1224.1999999999998,0.05128205128205129,356
421,USER_0421,304,24,5404.32,0.014492753623188406,304
422,USER_0422,250,19,2417.06,0.023593466424682397,250
423,USER_0423,174,44,6739.39,0.00645933014354067,244
424,USER_0424,13,73,11871.23,0.005126972682848674,96
425,USER_0425,89,51,9298.72,0.0065359477124183,89
426,USER_0426,102,1,13.2,0.0,102
427,USER_0427,88,26,2756.5,0.013240857503152586,152
428,USER_0428,118,34,6343.43,0.010967098703888335,119
429,USER_0429,111,1,123.97,0.3333333333333333,111
430,USER_0430,177,9,1039.34,0.032679738562091505,156
431,USER_0431,26,7,596.9,0.12244897959183673,82
432,USER_0432,126,5,1119.2,0.09090909090909091,126
433,USER_0433,176,1,15.19,0.0,176
434,USER_0434,19,13,2072.58,0.015384615384615385,19
435,USER_0435,75,41,10611.41,0.008008736803785948,75
436,USER_0436,13,11,2057.96,0.03208556149732621,37
437,USER_0437,113,36,5033.0199999999995,0.010714285714285714,72
438,USER_0438,350,21,3578.54,0.025974025974025972,350
439,USER_0439,45,31,10268.67,0.009216589861751152,163
440,USER_0440,211,6,702.12,0.041666666666666664,211
441,USER_0441,13,43,8394.93,0.008112493239588967,109
442,USER_0442,241,22,2338.16,0.0106951871657754,241
443,USER_0443,311,13,2488.44,0.026627218934911243,311
444,USER_0444,128,7,1124.54,0.023809523809523808,128
445,USER_0445,87,7,1676.47,0.02040816326530612,52
446,USER_0446,113,8,418.28999999999996,0.05357142857142857,153
447,USER_0447,15,41,20984.649999999998,0.008869179600886918,66
448,USER_0448,129,1,98.4,0.0,129
449,USER_0449,18,8,1316.57,0.052083333333333336,18
450,USER_0450,66,26,4695.25,0.014729950900163666,178
451,USER_0451,4,20,4260.51,0.021666666666666667,4
452,USER_0452,206,3,321.96000000000004,0.08333333333333333,206
453,USER_0453,258,9,1480.57,0.031746031746031744,258
454,USER_0454,223,1,298.0,0.0,223
455,USER_0455,134,8,2260.72,0.046875,134
456,USER_0456,166,17,3259.15,0.015898251192368842,247
457,USER_0457,334,2,64.53,0.2,334
458,USER_0458,40,30,2953.35,0.010256410256410256,107
459,USER_0459,22,11,842.41,0.028925619834710745,103
460,USER_0460,192,9,928.35,0.0303030303030303,192
461,USER_0461,165,10,1744.6100000000001,0.02222222222222222,165
462,USER_0462,82,22,3749.59,0.015909090909090907,42
463,USER_0463,41,12,1745.92,0.018115942028985508,79
464,USER_0464,20,12,2107.21,0.044444444444444446,51
465,USER_0465,334,3,255.83,0.1111111111111111,334
466,USER_0466,356,6,727.15,0.0925925925925926,356
467,USER_0467,110,5,1007.26,0.075,110
468,USER_0468,49,3,475.43,0.07407407407407407,49
469,USER_0469,108,5,944.74,0.025,108
470,USER_0470,61,14,3463.85,0.030357142857142857,156
471,USER_0471,65,1,203.5,0.125,65
472,USER_0472,248,15,2952.45,0.01875,248
473,USER_0473,73,18,3891.18,0.017094017094017096,73
474,USER_0474,157,10,1120.43,0.02258064516129032,157
475,USER_0475,335,1,17.009999999999998,0.5,335
476,USER_0476,131,11,1423.74,0.02821316614420063,131
477,USER_0477,285,8,1090.42,0.04807692307692308,285
478,USER_0478,49,12,3127.02,0.03,208
479,USER_0479,108,3,581.2,0.3333333333333333,108
480,USER_0480,302,5,911.77,0.06666666666666667,302
481,USER_0481,135,2,213.0,0.0,135
482,USER_0482,32,99,13576.33,0.003311119493692108,50
483,USER_0483,50,20,3057.64,0.01764705882352941,54
484,USER_0484,99,36,7622.34,0.011251758087201125,311
485,USER_0485,16,7,817.73,0.032467532467532464,126
486,USER_0486,19,9,3213.7,0.043478260869565216,143
487,USER_0487,91,17,2823.66,0.022491349480968856,61
488,USER_0488,139,16,2182.5899999999997,0.021551724137931036,139
489,USER_0489,120,31,4147.01,0.008064516129032258,61
490,USER_0490,79,17,2980.63,0.022408963585434174,153
491,USER_0491,58,12,1586.26,0.013888888888888888,37
492,USER_0492,192,13,1328.59,0.027472527472527472,136
493,USER_0493,262,8,1270.43,0.045454545454545456,262
494,USER_0494,80,8,1553.99,0.0625,80
495,USER_0495,194,1,148.46,0.25,194
496,USER_0496,266,10,1522.4,0.034782608695652174,214
497,USER_0497,69,1,602.99,0.3333333333333333,69
498,USER_0498,345,21,3485.94,0.02040816326530612,345
499,USER_0499,142,34,3516.59,0.010737628384687208,264
500,USER_0500,326,24,4251.86,0.00980392156862745,326
501,USER_0501,40,12,1806.99,0.03333333333333333,192
502,USER_0502,116,23,3359.93,0.011342155009451795,246
503,USER_0503,73,11,2355.76,0.03246753246753247,253
504,USER_0504,0,6,1108.99,0.041666666666666664,0
505,USER_0505,20,8,604.14,0.044642857142857144,20
506,USER_0506,236,5,2162.29,0.06086956521739131,236
507,USER_0507,200,4,239.17000000000002,0.0625,200
508,USER_0508,104,45,10032.72,0.008357075023741691,109
509,USER_0509,250,8,1485.39,0.041666666666666664,126
510,USER_0510,34,24,3687.98,0.015070921985815604,126
511,USER_0511,104,8,1050.35,0.010416666666666666,104
512,USER_0512,264,2,166.0,0.2,264
513,USER_0513,0,5,506.88,0.11111111111111112,1
514,USER_0514,79,17,2785.76,0.016544117647058824,79
515,USER_0515,55,15,5238.47,0.03010752688172043,233
516,USER_0516,89,2,20.79,0.0,211
517,USER_0517,28,20,4035.44,0.0109375,28
518,USER_0518,17,16,1867.09,0.022321428571428572,218
519,USER_0519,243,8,684.73,0.034722222222222224,243
520,USER_0520,340,28,6049.35,0.015,171
521,USER_0521,86,3,805.77,0.06060606060606061,86
522,USER_0522,20,1,1516.02,0.5,20
523,USER_0523,19,2,425.06,0.25,19
524,USER_0524,6,39,8165.929999999999,0.008691873098652759,164
525,USER_0525,10,11,1948.49,0.0374331550802139,337
526,USER_0526,32,9,2672.63,0.037037037037037035,32
527,USER_0527,145,28,5638.43,0.005612244897959183,73
528,USER_0528,261,5,351.06,0.1,261
529,USER_0529,293,11,1397.85,0.01948051948051948,147
530,USER_0530,344,3,532.69,0.16666666666666666,173
531,USER_0531,27,3,681.47,0.15789473684210525,338
532,USER_0532,12,19,2684.7799999999997,0.018148820326678767,12
533,USER_0533,231,6,660.5,0.09523809523809523,231
534,USER_0534,80,4,935.0,0.125,80
535,USER_0535,30,21,4781.55,0.021164021164021163,13
536,USER_0536,149,94,10635.22,0.004011161492849668,79
537,USER_0537,307,30,6169.59,0.016666666666666666,307
538,USER_0538,128,10,1196.22,0.038461538461538464,128
539,USER_0539,222,7,882.11,0.04395604395604396,222
540,USER_0540,111,18,2030.27,0.014403292181069957,168
541,USER_0541,32,84,15527.65,0.004187604690117253,63
542,USER_0542,39,11,1853.5,0.03162055335968379,151
543,USER_0543,171,6,1275.79,0.06666666666666667,171
544,USER_0544,69,22,4912.87,0.009404388714733543,25
545,USER_0545,12,10,1400.09,0.01818181818181818,12
546,USER_0546,47,42,12660.0,0.006349206349206349,52
547,USER_0547,72,10,2655.96,0.02727272727272727,212
548,USER_0548,230,26,4472.32,0.015519568151147098,230
549,USER_0549,65,2,313.99,0.0,65
550,USER_0550,23,29,6711.04,0.011699507389162563,23
551,USER_0551,165,6,731.03,0.057971014492753624,165
552,USER_0552,10,13,2001.1,0.027972027972027972,92
553,USER_0553,229,17,1610.43,0.017429193899782133,229
554,USER_0554,96,43,5319.2,0.0068163592622293495,96
555,USER_0555,334,36,6717.89,0.009502923976608187,334
556,USER_0556,335,1,59.83,1.0,335
557,USER_0557,241,19,2458.22,0.018005540166204988,241
558,USER_0558,24,57,9894.16,0.005203687184061849,118
559,USER_0559,332,1,187.64999999999998,0.6666666666666666,332
560,USER_0560,354,25,4669.8,0.015483870967741935,178
561,USER_0561,38,5,764.99,0.12,38
562,USER_0562,0,2,724.68,0.0,0
563,USER_0563,0,289,57137.79,0.001317887768918309,25
564,USER_0564,234,1,5.59,0.0,234
565,USER_0565,61,1,119.0,0.0,61
566,USER_0566,157,3,524.63,0.05555555555555555,189
567,USER_0567,198,11,3239.71,0.028409090909090908,198
568,USER_0568,226,12,1755.02,0.03009259259259259,222
569,USER_0569,26,4,622.39,0.1,26
570,USER_0570,194,22,2934.31,0.006493506493506493,88
571,USER_0571,172,10,1129.8899999999999,0.005555555555555555,106
572,USER_0572,90,114,21193.18,0.0030248033877797943,29
573,USER_0573,161,17,2286.59,0.02028397565922921,161
574,USER_0574,109,33,5420.82,0.013196480938416423,109
575,USER_0575,42,21,5706.57,0.013333333333333334,42
576,USER_0576,46,18,4121.23,0.02314814814814815,46
577,USER_0577,20,12,4934.82,0.019230769230769232,20
578,USER_0578,110,71,26501.03,0.0049463447350771295,68
579,USER_0579,134,43,5825.9,0.007610993657505285,68
580,USER_0580,147,16,2264.55,0.01838235294117647,147
581,USER_0581,285,7,1634.83,0.047619047619047616,285
582,USER_0582,334,1,153.71,1.0,334
583,USER_0583,70,38,7088.59,0.010644589000591365,84
584,USER_0584,237,24,3058.71,0.013257575757575758,237
585,USER_0585,32,38,7380.1900000000005,0.008166969147005446,116
586,USER_0586,78,18,5197.14,0.01785714285714286,49
587,USER_0587,107,26,3504.48,0.012087912087912088,199
588,USER_0588,52,38,7793.33,0.006925207756232687,52
589,USER_0589,45,41,7718.08,0.010184937014205307,115
590,USER_0590,221,8,1714.78,0.0673076923076923,188
591,USER_0591,40,17,2665.54,0.02702702702702703,117
592,USER_0592,92,49,7306.93,0.007908163265306122,138
593,USER_0593,129,7,478.35,0.04395604395604396,129
594,USER_0594,191,41,6643.03,0.008943089430894308,232
595,USER_0595,357,42,8067.44,0.009054325955734407,179
596,USER_0596,166,5,285.96,0.1,166
597,USER_0597,58,72,10642.44,0.004664179104477612,73
598,USER_0598,17,19,3274.77,0.02711323763955343,123
599,USER_0599,172,2,137.41,0.125,172
600,USER_0600,50,9,2084.98,0.0303030303030303,50
601,USER_0601,161,11,943.34,0.0404040404040404,134
602,USER_0602,231,8,1265.56,0.03289473684210526,232
603,USER_0603,28,9,1727.3,0.031746031746031744,132
604,USER_0604,130,19,1540.6399999999999,0.024060150375939848,237
605,USER_0605,143,18,2704.09,0.024691358024691357,143
606,USER_0606,144,3,858.71,0.14285714285714285,144
607,USER_0607,257,5,759.78,0.025,145
608,USER_0608,102,33,5174.86,0.012840267077555213,91
609,USER_0609,93,9,1046.71,0.05228758169934641,47
610,USER_0610,336,9,1409.04,0.03888888888888889,336
611,USER_0611,32,19,2938.12,0.0215311004784689,32
612,USER_0612,194,1,28.78,0.0,194
613,USER_0613,10,15,2759.37,0.025925925925925925,10
614,USER_0614,89,20,8521.199999999999,0.015714285714285715,50
615,USER_0615,79,3,480.74,0.1111111111111111,79
616,USER_0616,96,3,242.9,0.16666666666666666,96
617,USER_0617,141,5,773.36,0.11111111111111112,141
618,USER_0618,80,80,14233.35,0.0038461538461538464,95
619,USER_0619,17,5,1123.29,0.0,17
620,USER_0620,145,73,10639.37,0.005535747795083506,124
621,USER_0621,39,15,3032.65,0.031578947368421054,39
622,USER_0622,3,24,4559.73,0.016666666666666666,211
623,USER_0623,319,25,2756.77,0.009333333333333334,160
624,USER_0624,279,1,357.0,0.5,279
625,USER_0625,200,11,1964.0500000000002,0.0303030303030303,132
626,USER_0626,151,3,281.47,0.13333333333333333,151
627,USER_0627,202,19,4511.28,0.014519056261343012,118
628,USER_0628,201,11,2238.19,0.014354066985645932,201
629,USER_0629,4,2,163.07999999999998,0.0,4
630,USER_0630,58,31,4849.31,0.009305210918114143,132
631,USER_0631,25,12,1411.99,0.03787878787878788,274
632,USER_0632,335,1,31.33,0.0,335
633,USER_0633,268,1,15.19,0.0,268
634,USER_0634,146,8,742.32,0.0546875,227
635,USER_0635,220,8,811.35,0.045,220
636,USER_0636,199,6,916.31,0.05128205128205129,199
637,USER_0637,147,7,495.76,0.028571428571428574,147
638,USER_0638,92,1,74.8,0.0,92
639,USER_0639,261,19,3304.69,0.013157894736842105,131
640,USER_0640,110,9,1584.05,0.0462962962962963,135
641,USER_0641,221,25,4543.18,0.019,94
642,USER_0642,221,20,4867.66,0.01875,117
643,USER_0643,10,276,48980.38,0.0012331310444204282,26
644,USER_0644,205,7,616.04,0.03361344537815126,205
645,USER_0645,98,7,2265.9300000000003,0.05714285714285715,98
646,USER_0646,262,3,722.17,0.11764705882352942,262
647,USER_0647,171,1,37.98,0.0,171
648,USER_0648,246,7,565.58,0.04285714285714286,154
649,USER_0649,152,18,3264.21,0.025745257452574527,145
650,USER_0650,52,4,1394.3899999999999,0.15,52
651,USER_0651,114,10,833.71,0.025,114
652,USER_0652,61,29,4383.61,0.0097856477166822,47
653,USER_0653,190,32,4557.29,0.0125,96
654,USER_0654,262,1,297.34,0.0,262
655,USER_0655,164,23,3150.55,0.01940993788819876,135
656,USER_0656,18,70,10749.9,0.0052837573385518585,86
657,USER_0657,356,30,5217.74,0.008641975308641974,179
658,USER_0658,286,1,287.44,0.2,286
659,USER_0659,276,19,3540.88,0.017543859649122806,99
660,USER_0660,104,41,6550.66,0.009291521486643438,172
661,USER_0661,279,19,4556.17,0.019736842105263157,144
662,USER_0662,296,7,817.16,0.02040816326530612,296
663,USER_0663,270,18,1769.6,0.027777777777777776,136
664,USER_0664,121,14,3080.57,0.018973214285714284,121
665,USER_0665,159,35,5753.96,0.010801393728222997,93
666,USER_0666,322,23,2354.47,0.011180124223602483,162
667,USER_0667,26,148,26671.3,0.0022308022308022307,72
668,USER_0668,137,52,8567.31,0.005884041331802526,83
669,USER_0669,19,21,3954.19,0.011661807580174927,100
670,USER_0670,299,5,825.76,0.043478260869565216,299
671,USER_0671,75,19,3087.13,0.015789473684210527,75
672,USER_0672,45,17,2920.6,0.0160427807486631,45
673,USER_0673,28,33,5965.93,0.009438648782911079,15
674,USER_0674,86,16,2477.19,0.01875,102
675,USER_0675,65,80,15151.130000000001,0.003897058823529412,61
676,USER_0676,203,7,366.65,0.05194805194805195,203
677,USER_0677,346,1,204.97,1.0,346
678,USER_0678,76,30,4424.63,0.0125,86
679,USER_0679,41,17,4404.34,0.03485838779956427,243
680,USER_0680,280,4,533.65,0.125,280
681,USER_0681,5,15,2550.08,0.02318840579710145,3
682,USER_0682,161,17,3158.55,0.01809954751131222,169
683,USER_0683,123,6,1043.72,0.05555555555555555,100
684,USER_0684,152,4,224.55,0.1,131
685,USER_0685,22,12,1181.01,0.012499999999999999,94
686,USER_0686,72,9,1796.47,0.024691358024691357,72
687,USER_0687,345,9,2592.66,0.027777777777777776,345
688,USER_0688,150,4,274.3,0.09375,150
689,USER_0689,32,10,3158.65,0.03684210526315789,32
690,USER_0690,186,24,2870.33,0.009672619047619048,103
691,USER_0691,43,51,7841.41,0.005637254901960784,135
692,USER_0692,187,3,407.3,0.16666666666666666,187
693,USER_0693,166,5,377.54,0.0875,166
694,USER_0694,354,12,2144.61,0.033950617283950615,354
695,USER_0695,84,14,2514.39,0.027874564459930314,43
696,USER_0696,100,3,100.14,0.09523809523809523,78
697,USER_0697,92,1,493.56,0.2727272727272727,92
698,USER_0698,76,26,3625.54,0.013675213675213675,136
699,USER_0699,282,6,534.1800000000001,0.027777777777777776,282
700,USER_0700,221,2,59.17999999999999,0.0,148
701,USER_0701,32,7,1420.53,0.028571428571428574,59
702,USER_0702,256,9,898.15,0.02962962962962963,256
703,USER_0703,29,55,23605.3,0.005582137161084529,78
704,USER_0704,131,3,53.769999999999996,0.25,126
705,USER_0705,5,1,141.67000000000002,0.0,5
706,USER_0706,24,6,150.16,0.05833333333333333,24
707,USER_0707,187,7,329.93,0.031746031746031744,187
708,USER_0708,172,1,51.650000000000006,0.6666666666666666,172
709,USER_0709,255,8,1060.7,0.04891304347826087,255
710,USER_0710,70,9,577.0799999999999,0.031111111111111114,87
711,USER_0711,58,2,249.18,0.25,58
712,USER_0712,72,15,2503.56,0.02619047619047619,37
713,USER_0713,270,5,304.49,0.05454545454545454,182
714,USER_0714,75,5,923.0,0.08,75
715,USER_0715,194,9,308.27000000000004,0.05555555555555555,72
716,USER_0716,19,7,840.08,0.03571428571428571,19
717,USER_0717,58,5,1068.3700000000001,0.05,58
718,USER_0718,12,34,6403.84,0.007018716577540107,114
719,USER_0719,27,11,2195.78,0.03208556149732621,320
720,USER_0720,201,6,216.4,0.06944444444444445,201
721,USER_0721,345,9,1614.23,0.0392156862745098,345
722,USER_0722,95,9,1871.18,0.05555555555555555,95
723,USER_0723,161,4,641.8,0.08333333333333333,161
724,USER_0724,18,8,799.52,0.013888888888888888,18
725,USER_0725,158,16,3618.31,0.0203125,179
726,USER_0726,178,7,1605.31,0.061224489795918366,167
727,USER_0727,87,27,3531.2400000000002,0.014141414141414142,93
728,USER_0728,258,10,2252.43,0.03076923076923077,258
729,USER_0729,118,7,513.54,0.06766917293233082,96
730,USER_0730,78,13,904.04,0.015384615384615385,108
731,USER_0731,112,30,6875.67,0.01256830601092896,57
732,USER_0732,102,17,1871.4599999999998,0.01809954751131222,109
733,USER_0733,336,1,335.45,0.6666666666666666,336
734,USER_0734,299,17,3088.19,0.01730103806228374,299
735,USER_0735,300,3,251.97,0.06666666666666667,300
736,USER_0736,12,291,75937.55,0.0011064472505663955,29
737,USER_0737,177,5,522.5,0.07058823529411765,89
738,USER_0738,113,1,44.0,0.0,113
739,USER_0739,139,10,1705.27,0.03793103448275862,139
740,USER_0740,256,1,65.38,0.6666666666666666,256
741,USER_0741,269,17,2590.08,0.023529411764705882,184
742,USER_0742,69,32,5241.87,0.018292682926829267,69
743,USER_0743,136,7,722.12,0.058823529411764705,136
744,USER_0744,268,2,71.59,0.0,268
745,USER_0745,355,3,562.03,0.06666666666666667,355
746,USER_0746,320,24,20858.43,0.0110062893081761,163
747,USER_0747,286,4,977.46,0.041666666666666664,286
748,USER_0748,221,58,9328.55,0.005847076461769115,90
749,USER_0749,28,69,10528.4,0.004989308624376337,83
750,USER_0750,233,5,465.15999999999997,0.08571428571428572,233
751,USER_0751,343,2,1062.17,0.21875,343
752,USER_0752,41,9,2079.17,0.0462962962962963,41
753,USER_0753,194,6,1274.03,0.0625,194
754,USER_0754,136,2,67.15,0.1875,136
755,USER_0755,62,16,2425.33,0.015625,148
756,USER_0756,94,62,10083.78,0.0051425899953249175,50
757,USER_0757,256,1,313.53,0.0,256
758,USER_0758,209,13,1714.6100000000001,0.03146853146853147,230
759,USER_0759,193,10,1617.73,0.034999999999999996,77
760,USER_0760,198,15,2787.88,0.019444444444444445,198
761,USER_0761,107,6,1136.48,0.11904761904761905,107
762,USER_0762,36,38,7344.68,0.009320175438596492,19
763,USER_0763,18,2,582.6700000000001,0.15625,18
764,USER_0764,92,4,344.48,0.125,48
765,USER_0765,291,33,6202.37,0.013584117032392895,109
766,USER_0766,84,24,3162.69,0.015522875816993464,84
767,USER_0767,126,5,641.04,0.04444444444444444,126
768,USER_0768,34,21,5141.87,0.025510204081632654,34
769,USER_0769,235,11,1609.15,0.018181818181818184,235
770,USER_0770,203,12,1419.44,0.025641025641025644,203
771,USER_0771,173,33,6221.18,0.01044932079414838,87
772,USER_0772,159,68,12865.57,0.004496065942300487,80
773,USER_0773,87,11,1431.8600000000001,0.03896103896103896,140
774,USER_0774,222,1,2.99,1.0,222
775,USER_0775,201,5,198.01,0.025,201
776,USER_0776,146,12,2413.72,0.031007751937984496,283
777,USER_0777,34,9,1628.3700000000001,0.010101010101010102,63
778,USER_0778,78,85,11345.369999999999,0.004835799350415013,70
779,USER_0779,290,22,4171.98,0.018181818181818184,160
780,USER_0780,242,39,3683.4700000000003,0.006959706959706959,242
781,USER_0781,125,1,19.19,0.0,125
782,USER_0782,208,4,132.68,0.08333333333333333,208
783,USER_0783,53,18,4418.95,0.016908212560386476,134
784,USER_0784,220,52,6465.1900000000005,0.006296800544588156,90
785,USER_0785,69,28,3907.9500000000003,0.010127931769722815,99
786,USER_0786,356,36,7840.24,0.007309941520467836,356
787,USER_0787,43,17,2855.7,0.0261437908496732,153
788,USER_0788,95,42,8177.7,0.009398496240601503,114
789,USER_0789,193,29,5998.46,0.011724137931034483,97
790,USER_0790,117,30,3952.28,0.01056910569105691,131
791,USER_0791,343,15,2046.63,0.03076923076923077,343
792,USER_0792,324,12,3353.0699999999997,0.01075268817204301,324
793,USER_0793,42,48,7672.31,0.008796296296296297,108
794,USER_0794,39,33,9138.48,0.01270772238514174,19
795,USER_0795,230,49,5653.17,0.008290816326530613,127
796,USER_0796,170,1,79.0,0.0,170
797,USER_0797,200,6,1449.84,0.06818181818181819,200
798,USER_0798,134,1,199.45,0.42857142857142855,134
799,USER_0799,121,57,17853.21,0.005360623781676414,72
800,USER_0800,198,64,9984.91,0.005601415094339622,159
801,USER_0801,38,18,3706.75,0.012820512820512822,20
802,USER_0802,173,17,2637.8,0.021608643457382955,121
803,USER_0803,170,2,606.6,0.16666666666666666,170
804,USER_0804,20,6,1375.9,0.06944444444444445,20
805,USER_0805,53,18,3151.54,0.021963824289405683,152
806,USER_0806,47,88,16461.63,0.004270411117544876,129
807,USER_0807,30,12,1370.28,0.034313725490196074,91
808,USER_0808,355,9,2278.9,0.0462962962962963,355
809,USER_0809,100,4,516.8,0.2,100
810,USER_0810,150,6,887.01,0.038461538461538464,150
811,USER_0811,145,1,95.99,0.0,145
812,USER_0812,123,20,4154.47,0.018,140
813,USER_0813,195,13,1165.89,0.03970223325062035,195
814,USER_0814,123,7,895.27,0.049999999999999996,123
815,USER_0815,279,14,2144.52,0.015037593984962405,279
816,USER_0816,136,47,9632.14,0.007400555041628122,90
817,USER_0817,205,7,1246.83,0.04285714285714286,205
818,USER_0818,336,13,1722.59,0.04072398190045249,336
819,USER_0819,149,2,82.35,0.0,212
820,USER_0820,13,17,4537.8099999999995,0.025210084033613443,170
821,USER_0821,264,6,590.0799999999999,0.049999999999999996,264
822,USER_0822,60,5,1372.0,0.08,133
823,USER_0823,202,1,348.5,0.5,202
824,USER_0824,115,17,2028.64,0.019977802441731408,115
825,USER_0825,269,14,2264.78,0.028571428571428574,269
826,USER_0826,24,22,5393.02,0.012121212121212121,112
827,USER_0827,233,2,910.8100000000001,0.16666666666666666,233
828,USER_0828,25,12,2493.46,0.034722222222222224,134
829,USER_0829,40,28,3490.58,0.011160714285714286,37
830,USER_0830,36,47,8272.31,0.00775709219858156,153
831,USER_0831,221,5,996.74,0.06,157
832,USER_0832,317,22,2289.37,0.01555023923444976,159
833,USER_0833,13,95,15960.02,0.003969924812030076,100
834,USER_0834,249,22,3593.17,0.01662971175166297,249
835,USER_0835,128,37,6835.5,0.007644007644007644,139
836,USER_0836,340,4,322.86,0.1,340
837,USER_0837,33,15,2087.66,0.025225225225225228,163
838,USER_0838,134,5,633.5,0.04,134
839,USER_0839,257,12,2124.7400000000002,0.03571428571428571,99
840,USER_0840,348,8,1663.6200000000001,0.044642857142857144,348
841,USER_0841,194,1,54.6,0.5,194
842,USER_0842,147,6,762.63,0.041666666666666664,168
843,USER_0843,64,6,562.78,0.0625,128
844,USER_0844,188,9,1865.98,0.037037037037037035,188
845,USER_0845,0,3,735.29,0.13333333333333333,0
846,USER_0846,195,13,2126.44,0.024615384615384615,195
847,USER_0847,75,1,199.0,1.0,75
848,USER_0848,142,8,957.45,0.05113636363636364,142
849,USER_0849,253,6,1754.8999999999999,0.0909090909090909,253
850,USER_0850,1,123,20041.11,0.002245451025938831,89
851,USER_0851,186,12,1145.36,0.025362318840579712,163
852,USER_0852,63,2,348.0,0.0,63
853,USER_0853,78,9,1737.73,0.06535947712418301,40
854,USER_0854,206,6,919.7,0.041666666666666664,206
855,USER_0855,156,9,635.8,0.0392156862745098,261
856,USER_0856,34,22,3077.58,0.012539184952978056,130
857,USER_0857,98,3,1003.38,0.0925925925925926,50
858,USER_0858,336,1,24.68,0.0,336
859,USER_0859,127,5,651.1899999999999,0.09333333333333334,127
860,USER_0860,21,5,480.21,0.03333333333333333,219
861,USER_0861,164,5,137.08,0.02857142857142857,164
862,USER_0862,152,7,3820.01,0.02197802197802198,152
863,USER_0863,23,14,2564.78,0.028571428571428574,146
864,USER_0864,169,32,4231.45,0.006944444444444444,116
865,USER_0865,283,18,3291.96,0.01515151515151515,283
866,USER_0866,300,10,1959.0,0.04,300
867,USER_0867,362,40,8196.41,0.00859375,362
868,USER_0868,27,8,1290.81,0.013888888888888888,32
869,USER_0869,58,78,11924.49,0.004459308807134894,93
870,USER_0870,311,46,12702.21,0.007178014766201804,157
871,USER_0871,27,19,4237.22,0.018092105263157895,115
872,USER_0872,293,11,1715.68,0.0374331550802139,147
873,USER_0873,12,1,22.41,0.0,12
874,USER_0874,306,37,9348.3,0.0085995085995086,306
875,USER_0875,308,25,3464.3,0.011578947368421053,155
876,USER_0876,284,38,4591.7699999999995,0.0078125,159
877,USER_0877,302,4,366.46,0.0625,302
878,USER_0878,53,28,5875.31,0.013605442176870748,53
879,USER_0879,124,27,3626.5099999999998,0.008487654320987654,105
880,USER_0880,300,24,4197.7,0.011904761904761904,300
881,USER_0881,343,6,649.31,0.013888888888888888,183
882,USER_0882,344,14,2108.8,0.013605442176870748,344
883,USER_0883,96,4,1342.0,0.05,96
884,USER_0884,24,7,1067.09,0.03968253968253969,59
885,USER_0885,21,1,7.34,0.5,21
886,USER_0886,259,2,510.69,0.0,259
887,USER_0887,208,12,1941.8400000000001,0.02873563218390805,208
888,USER_0888,131,11,2337.51,0.026936026936026935,239
889,USER_0889,346,15,2468.64,0.016666666666666666,346
890,USER_0890,284,9,2101.02,0.05555555555555555,284
891,USER_0891,72,15,2722.48,0.01714285714285714,72
892,USER_0892,21,3,397.95,0.25,21
893,USER_0893,165,3,305.52,0.13333333333333333,194
894,USER_0894,23,2,118.22999999999999,0.25,23
895,USER_0895,219,38,5839.57,0.007797270955165692,125
896,USER_0896,162,5,668.17,0.08235294117647059,212
897,USER_0897,302,3,242.85999999999999,0.1851851851851852,302
898,USER_0898,266,9,830.76,0.04513888888888889,134
899,USER_0899,236,48,8313.0,0.005649717514124294,236
900,USER_0900,207,9,1603.46,0.027777777777777776,207
901,USER_0901,238,14,3633.12,0.03273809523809524,238
902,USER_0902,22,33,6053.48,0.00909090909090909,169
903,USER_0903,151,8,452.19,0.0,101
904,USER_0904,269,33,6401.0,0.010822510822510822,93
905,USER_0905,41,9,946.83,0.03292181069958847,151
906,USER_0906,5,31,5099.61,0.009305210918114143,80
907,USER_0907,15,21,3590.87,0.009852216748768473,15
908,USER_0908,108,50,7502.42,0.006950354609929078,135
909,USER_0909,135,2,208.99,0.16666666666666666,135
910,USER_0910,201,7,933.21,0.05714285714285715,201
911,USER_0911,134,5,531.48,0.06666666666666667,184
912,USER_0912,64,8,1030.74,0.0661764705882353,64
913,USER_0913,352,5,1405.67,0.05,352
914,USER_0914,116,21,2556.52,0.0184645286686103,228
915,USER_0915,248,5,607.27,0.0,248
916,USER_0916,260,39,7328.62,0.00796950796950797,131
917,USER_0917,277,14,2926.4500000000003,0.032467532467532464,277
918,USER_0918,221,8,501.56,0.051470588235294115,221
919,USER_0919,86,12,2073.42,0.03869047619047619,86
920,USER_0920,284,5,801.18,0.075,284
921,USER_0921,152,1,19.69,0.0,152
922,USER_0922,363,5,842.39,0.03333333333333333,363
923,USER_0923,7,3,759.39,0.0,4
924,USER_0924,22,69,12657.84,0.00516698172652804,12
925,USER_0925,137,5,933.75,0.08,95
926,USER_0926,136,8,635.12,0.05921052631578947,209
927,USER_0927,47,8,889.9499999999999,0.0234375,35
928,USER_0928,280,11,1688.01,0.03496503496503497,280
929,USER_0929,46,7,1211.95,0.05494505494505495,42
930,USER_0930,173,12,2422.28,0.03070175438596491,79
931,USER_0931,290,1,2.8,0.0,290
932,USER_0932,327,6,1045.76,0.047619047619047616,327
933,USER_0933,177,12,3094.39,0.026785714285714288,144
934,USER_0934,135,17,2354.84,0.02321981424148607,72
935,USER_0935,152,14,1979.83,0.024725274725274724,258
936,USER_0936,179,7,1128.98,0.028571428571428574,179
937,USER_0937,19,13,1906.26,0.017094017094017092,19
938,USER_0938,21,64,11501.39,0.005418346774193549,83
939,USER_0939,255,4,105.14999999999999,0.05,255
940,USER_0940,76,3,497.30999999999995,0.041666666666666664,283
941,USER_0941,340,2,732.28,0.225,340
942,USER_0942,28,15,1360.42,0.020370370370370372,45
943,USER_0943,223,7,814.03,0.06349206349206349,223
944,USER_0944,135,11,1593.39,0.01515151515151515,271
945,USER_0945,117,11,1396.66,0.021818181818181816,117
946,USER_0946,16,20,3888.67,0.013095238095238096,117
947,USER_0947,361,17,3799.28,0.025210084033613443,181
948,USER_0948,285,4,1134.02,0.10416666666666667,285
949,USER_0949,66,71,11173.14,0.004831911175079675,34
950,USER_0950,123,6,682.99,0.027777777777777776,105
951,USER_0951,118,7,838.47,0.047619047619047616,73
952,USER_0952,165,30,5861.48,0.008450704225352112,159
953,USER_0953,345,28,5300.43,0.014172335600907028,173
954,USER_0954,363,8,1965.43,0.03571428571428571,363
955,USER_0955,265,12,1598.8700000000001,0.023809523809523808,133
956,USER_0956,167,24,4295.25,0.011805555555555555,173
957,USER_0957,221,2,663.0,0.0,221
958,USER_0958,251,10,2440.73,0.034210526315789476,251
959,USER_0959,172,23,4202.3,0.014492753623188404,172
960,USER_0960,194,4,616.51,0.078125,194
961,USER_0961,352,32,6182.0,0.013992537313432836,352
962,USER_0962,140,2,171.59,0.0,140
963,USER_0963,167,8,775.27,0.045454545454545456,167
964,USER_0964,282,7,664.4599999999999,0.05357142857142857,282
965,USER_0965,138,14,2244.27,0.014285714285714287,138
966,USER_0966,152,7,391.87,0.07619047619047618,206
967,USER_0967,126,4,223.75,0.16071428571428573,126
968,USER_0968,162,17,2317.31,0.025210084033613443,114
969,USER_0969,95,2,184.79999999999998,0.25,95
970,USER_0970,39,14,1879.22,0.026578073089700997,83
971,USER_0971,44,54,9196.49,0.006233956729006234,195
972,USER_0972,15,1,605.49,0.0,15
973,USER_0973,140,13,944.48,0.03076923076923077,187
974,USER_0974,136,2,261.87,0.125,136
975,USER_0975,11,9,843.8,0.03418803418803419,89
976,USER_0976,118,4,62.06999999999999,0.05,72
977,USER_0977,205,6,484.09000000000003,0.11904761904761905,176
978,USER_0978,239,14,1293.83,0.017374517374517374,239
979,USER_0979,19,9,1766.29,0.044444444444444446,19
980,USER_0980,271,9,788.36,0.031746031746031744,136
981,USER_0981,90,2,27.97,0.25,90
982,USER_0982,239,13,1314.52,0.027972027972027972,95
983,USER_0983,96,39,6562.08,0.008974358974358974,77
984,USER_0984,117,10,728.72,0.007142857142857143,117
985,USER_0985,310,27,5175.15,0.010396361273554255,156
986,USER_0986,31,3,765.38,0.06666666666666667,31
987,USER_0987,16,1,38.22,0.3333333333333333,16
988,USER_0988,31,10,1203.76,0.02,31
989,USER_0989,58,30,5066.26,0.01111111111111111,30
990,USER_0990,311,10,862.27,0.02857142857142857,311
991,USER_0991,25,7,946.56,0.04201680672268908,25
992,USER_0992,24,27,4336.18,0.008916323731138546,65
993,USER_0993,156,1,10.63,0.0,156
994,USER_0994,222,29,4986.63,0.01199400299850075,112
995,USER_0995,224,13,1626.83,0.028205128205128202,213
996,USER_0996,3,42,8437.39,0.009216589861751152,352
997,USER_0997,221,5,461.7,0.12,221
998,USER_0998,200,20,2411.36,0.015,200
999,USER_0999,151,4,371.42,0.125,151
1000,USER_1000,81,30,4577.4,0.011299435028248588,193
1001,USER_1001,123,1,29.48,0.5,123
1002,USER_1002,56,31,5839.56,0.007081038552321007,56
1003,USER_1003,65,10,2915.33,0.018518518518518517,105
1004,USER_1004,213,13,1821.65,0.010489510489510488,60
1005,USER_1005,127,1,9.6,1.0,127
1006,USER_1006,125,26,4309.42,0.012336719883889695,101
1007,USER_1007,341,10,2068.01,0.05384615384615384,171
1008,USER_1008,24,16,2465.93,0.03024193548387097,24
1009,USER_1009,257,1,71.94,0.4,257
1010,USER_1010,259,32,7195.6,0.0125,130
1011,USER_1011,43,18,1935.02,0.027777777777777776,22
1012,USER_1012,2,27,3572.82,0.016144349477682812,110
1013,USER_1013,69,9,1246.76,0.03968253968253968,180
1014,USER_1014,163,1,10.5,1.0,163
1015,USER_1015,194,14,3412.16,0.019047619047619046,255
1016,USER_1016,336,11,1602.3700000000001,0.022727272727272728,177
1017,USER_1017,143,15,1574.66,0.01818181818181818,143
1018,USER_1018,292,22,3387.79,0.0106951871657754,147
1019,USER_1019,151,8,613.75,0.03409090909090909,151
1020,USER_1020,358,4,449.34,0.15,358
1021,USER_1021,214,5,5843.09,0.05555555555555556,163
1022,USER_1022,130,1,496.71000000000004,0.0,130
1023,USER_1023,215,9,1432.59,0.041666666666666664,215
1024,USER_1024,80,28,3517.33,0.01171875,118
1025,USER_1025,195,10,2320.93,0.047619047619047616,195
1026,USER_1026,244,2,63.64,0.16666666666666666,244
1027,USER_1027,152,14,2099.09,0.024725274725274724,152
1028,USER_1028,27,11,1903.1799999999998,0.0303030303030303,139
1029,USER_1029,256,1,223.95,0.0,256
1030,USER_1030,360,5,1890.33,0.04285714285714286,360
1031,USER_1031,117,1,1.59,0.0,117
1032,USER_1032,265,3,55.84,0.05555555555555555,265
1033,USER_1033,163,1,952.7800000000001,0.4444444444444444,163
1034,USER_1034,186,8,879.08,0.06944444444444445,72
1035,USER_1035,26,14,3069.5699999999997,0.031746031746031744,26
1036,USER_1036,89,24,4979.54,0.016666666666666666,45
1037,USER_1037,335,6,1058.42,0.020833333333333332,335
1038,USER_1038,120,3,278.89,0.19444444444444445,161
1039,USER_1039,290,5,652.8199999999999,0.0,290
1040,USER_1040,131,13,2218.55,0.019723865877712028,131
1041,USER_1041,58,6,114.52,0.030303030303030304,110
1042,USER_1042,292,7,970.97,0.03571428571428571,292
1043,USER_1043,78,1,17.99,0.5,78
1044,USER_1044,235,5,957.36,0.11111111111111112,235
1045,USER_1045,108,25,3475.8,0.01,73
1046,USER_1046,156,8,723.89,0.03017241379310345,156
1047,USER_1047,270,1,77.55,0.3333333333333333,270
1048,USER_1048,14,33,5613.14,0.010632642211589579,93
1049,USER_1049,180,51,7985.74,0.005634437683119224,91
1050,USER_1050,52,24,4047.48,0.008012820512820514,159
1051,USER_1051,131,9,1365.95,0.061111111111111116,110
1052,USER_1052,23,28,3082.83,0.012499999999999999,94
1053,USER_1053,214,28,4220.83,0.01523809523809524,186
1054,USER_1054,187,1,12.99,0.0,187
1055,USER_1055,177,49,7977.66,0.00693107431651906,125
1056,USER_1056,60,47,10834.28,0.008007320979180966,60
1057,USER_1057,21,1,48.92,1.0,21
1058,USER_1058,18,8,1084.58,0.020833333333333332,256
1059,USER_1059,312,28,4459.02,0.011904761904761904,157
1060,USER_1060,163,34,5588.96,0.011764705882352941,109
1061,USER_1061,221,22,2260.16,0.010822510822510822,122
1062,USER_1062,5,67,11185.9,0.0049377174278981036,129
1063,USER_1063,229,8,539.36,0.05,229
1064,USER_1064,245,21,3456.0,0.014492753623188406,245
1065,USER_1065,76,9,1919.65,0.031746031746031744,76
1066,USER_1066,143,26,2992.72,0.010638297872340425,72
1067,USER_1067,199,13,2175.7,0.015384615384615385,199
1068,USER_1068,1,28,5324.03,0.010467980295566502,24
1069,USER_1069,117,27,3074.2400000000002,0.011820330969267141,94
1070,USER_1070,12,9,1695.69,0.023391812865497075,137
1071,USER_1071,344,4,964.58,0.19444444444444445,344
1072,USER_1072,335,2,136.79,0.0,335
1073,USER_1073,44,7,1687.11,0.044642857142857144,44
1074,USER_1074,72,6,876.0699999999999,0.047619047619047616,72
1075,USER_1075,51,26,6433.58,0.013076923076923078,51
1076,USER_1076,37,45,8597.52,0.007960199004975124,213
1077,USER_1077,18,57,10926.69,0.005847953216374269,151
1078,USER_1078,124,19,2843.75,0.02280701754385965,220
1079,USER_1079,21,36,5490.54,0.007407407407407408,76
1080,USER_1080,256,14,2003.57,0.022556390977443608,212
1081,USER_1081,55,61,9923.52,0.005234880837580933,74
1082,USER_1082,132,17,3151.44,0.019977802441731408,132
1083,USER_1083,257,32,4596.3,0.013731060606060606,129
1084,USER_1084,214,31,3671.78,0.0093841642228739,214
1085,USER_1085,222,1,31.35,1.0,222
1086,USER_1086,219,7,1865.73,0.03809523809523809,219
1087,USER_1087,15,36,7502.61,0.007246376811594203,89
1088,USER_1088,35,16,2828.18,0.015625,117
1089,USER_1089,212,13,1617.97,0.020242914979757085,123
1090,USER_1090,143,8,1287.86,0.027777777777777776,143
1091,USER_1091,349,1,227.87,0.4,349
1092,USER_1092,34,10,1525.44,0.046153846153846156,121
1093,USER_1093,115,8,1716.15,0.046052631578947366,58
1094,USER_1094,139,13,1491.73,0.024291497975708502,139
1095,USER_1095,268,2,552.4300000000001,0.15384615384615385,168
1096,USER_1096,290,1,15.9,0.5,290
1097,USER_1097,223,5,1165.85,0.04,167
1098,USER_1098,175,43,2919.35,0.006312292358803986,155
1099,USER_1099,136,17,2884.51,0.023109243697478993,100
1100,USER_1100,57,1,238.0,0.0,57
1101,USER_1101,333,11,2263.9,0.026737967914438502,333
1102,USER_1102,185,23,3917.61,0.01884057971014493,185
1103,USER_1103,151,20,4358.68,0.016666666666666666,151
1104,USER_1104,332,37,7011.16,0.009792401096748922,167
1105,USER_1105,94,1,41.56,1.0,94
1106,USER_1106,276,31,3705.44,0.015770609318996414,139
1107,USER_1107,39,19,3701.42,0.015789473684210527,39
1108,USER_1108,257,11,2736.16,0.0303030303030303,170
1109,USER_1109,215,9,785.05,0.05555555555555555,215
1110,USER_1110,101,44,6240.42,0.006279904306220096,233
1111,USER_1111,333,5,1051.4,0.08,333
1112,USER_1112,255,19,3413.72,0.024767801857585137,255
1113,USER_1113,92,5,1042.57,0.10769230769230768,92
1114,USER_1114,342,23,3030.19,0.01391304347826087,342
1115,USER_1115,57,10,2531.16,0.041935483870967745,29
1116,USER_1116,214,34,6842.06,0.010407239819004526,189
1117,USER_1117,39,59,14536.81,0.005559322033898305,89
1118,USER_1118,330,6,501.27,0.05952380952380953,330
1119,USER_1119,230,1,26.689999999999998,0.5,230
1120,USER_1120,89,5,1456.03,0.05454545454545454,307
1121,USER_1121,85,54,10893.07,0.0067470571346540335,139
1122,USER_1122,10,9,2093.58,0.05555555555555555,6
1123,USER_1123,66,10,1412.52,0.023809523809523808,66
1124,USER_1124,192,7,1007.9300000000001,0.03759398496240601,192
1125,USER_1125,107,4,613.85,0.1,107
1126,USER_1126,53,4,822.99,0.0,53
1127,USER_1127,282,2,153.0,0.16666666666666666,282
1128,USER_1128,211,5,389.84000000000003,0.06666666666666667,211
1129,USER_1129,147,12,1261.72,0.015625,140
1130,USER_1130,81,10,1093.49,0.02608695652173913,276
1131,USER_1131,19,17,3897.39,0.024955436720142603,127
1132,USER_1132,17,2,43.62,0.25,17
1133,USER_1133,335,1,17.53,0.0,335
1134,USER_1134,171,4,316.17,0.08333333333333333,77
1135,USER_1135,12,5,673.54,0.05,101
1136,USER_1136,75,18,1556.6299999999999,0.022569444444444444,163
1137,USER_1137,172,8,1220.69,0.028846153846153848,101
1138,USER_1138,213,42,6860.5,0.008888888888888889,96
1139,USER_1139,108,5,648.77,0.06666666666666667,108
1140,USER_1140,126,46,7769.96,0.006521739130434782,154
1141,USER_1141,351,5,1114.17,0.04,176
1142,USER_1142,314,3,138.78,0.0,314
1143,USER_1143,60,18,3428.23,0.016795865633074933,60
1144,USER_1144,207,4,400.13,0.125,207
1145,USER_1145,24,8,1640.08,0.0625,13
1146,USER_1146,221,4,617.93,0.05555555555555555,221
1147,USER_1147,202,1,46.97,0.3333333333333333,202
1148,USER_1148,87,7,1178.13,0.044642857142857144,84
1149,USER_1149,316,69,8664.0,0.004830917874396135,159
1150,USER_1150,39,34,5638.45,0.010356255178127589,119
1151,USER_1151,115,9,3340.4,0.04830917874396135,115
1152,USER_1152,32,38,6320.86,0.008009153318077803,110
1153,USER_1153,170,14,2242.58,0.023809523809523808,176
1154,USER_1154,16,8,1252.86,0.03676470588235294,16
1155,USER_1155,61,6,324.87,0.05555555555555555,61
1156,USER_1156,252,5,1064.77,0.08571428571428572,252
1157,USER_1157,65,11,374.63,0.026515151515151516,33
1158,USER_1158,178,39,5169.92,0.007453786523553966,99
1159,USER_1159,176,2,92.59,0.25,176
1160,USER_1160,69,20,2727.92,0.014150943396226415,168
1161,USER_1161,65,8,1698.1299999999999,0.041666666666666664,55
1162,USER_1162,131,5,648.09,0.09411764705882353,80
1163,USER_1163,99,29,5761.46,0.011494252873563218,103
1164,USER_1164,1,27,5001.66,0.010721247563352828,1
1165,USER_1165,145,11,2606.91,0.03761755485893417,145
1166,USER_1166,62,7,1766.8400000000001,0.04285714285714286,62
1167,USER_1167,240,28,6308.68,0.010770975056689341,121
1168,USER_1168,144,6,913.56,0.047619047619047616,144
1169,USER_1169,334,6,1409.0,0.07407407407407407,334
1170,USER_1170,199,6,1762.76,0.052083333333333336,199
1171,USER_1171,27,8,858.22,0.04861111111111111,27
1172,USER_1172,216,16,2036.53,0.025,109
1173,USER_1173,228,8,1806.7399999999998,0.01875,228
1174,USER_1174,45,32,5982.82,0.010227272727272727,23
1175,USER_1175,358,2,327.01,0.0,358
1176,USER_1176,41,27,3283.7400000000002,0.013013013013013013,86
1177,USER_1177,202,19,3678.67,0.02077562326869806,202
1178,USER_1178,290,36,7138.1,0.00771604938271605,146
1179,USER_1179,220,13,1366.42,0.021978021978021976,111
1180,USER_1180,258,44,9041.380000000001,0.006493506493506493,132
1181,USER_1181,178,3,347.0,0.0,178
1182,USER_1182,172,25,4559.27,0.013333333333333332,152
1183,USER_1183,50,20,3592.12,0.013207547169811321,98
1184,USER_1184,12,15,1797.6699999999998,0.02222222222222222,197
1185,USER_1185,142,59,7237.5,0.006124483691781798,109
1186,USER_1186,33,38,7493.31,0.008771929824561403,151
1187,USER_1187,17,27,7563.25,0.009070294784580499,282
1188,USER_1188,9,13,2268.64,0.021978021978021976,9
1189,USER_1189,301,3,247.57999999999998,0.0,301
1190,USER_1190,25,25,3906.47,0.0125,130
1191,USER_1191,19,39,6145.36,0.01282051282051282,99
1192,USER_1192,96,36,6446.55,0.008823529411764706,90
1193,USER_1193,342,7,1832.21,0.028571428571428574,342
1194,USER_1194,69,15,2370.66,0.024242424242424242,205
1195,USER_1195,88,51,9242.55,0.005243958048335613,188
1196,USER_1196,34,14,2683.25,0.022321428571428572,154
1197,USER_1197,87,36,5805.63,0.009114583333333334,112
1198,USER_1198,242,22,1849.01,0.01282051282051282,242
1199,USER_1199,30,7,934.22,0.03571428571428571,30
1200,USER_1200,295,32,5208.55,0.006824712643678161,148
1201,USER_1201,270,1,9.57,0.5,270
1202,USER_1202,89,29,4044.5299999999997,0.009946949602122016,89
1203,USER_1203,148,49,6161.88,0.006854650257049385,75
1204,USER_1204,285,9,1810.09,0.025252525252525252,201
1205,USER_1205,111,5,1286.34,0.03333333333333333,140
1206,USER_1206,7,1,121.3,0.0,7
1207,USER_1207,4,15,2222.37,0.024,225
1208,USER_1208,229,21,2551.54,0.013477088948787061,229
1209,USER_1209,58,5,154.56,0.08888888888888888,95
1210,USER_1210,256,1,19.19,0.0,256
1211,USER_1211,54,19,3829.99,0.017543859649122806,54
1212,USER_1212,27,15,3310.2000000000003,0.025641025641025644,20
1213,USER_1213,5,51,7908.99,0.007381776239907728,46
1214,USER_1214,288,11,1443.94,0.02066115702479339,288
1215,USER_1215,131,7,1600.54,0.08403361344537816,207
1216,USER_1216,40,9,2504.42,0.027777777777777776,40
1217,USER_1217,11,7,1632.35,0.05714285714285715,11
1218,USER_1218,16,139,35574.46,0.002241283895960155,9
1219,USER_1219,129,56,6577.44,0.004976580796252927,110
1220,USER_1220,257,1,22.4,0.0,257
1221,USER_1221,173,61,9917.45,0.006102668421682422,90
1222,USER_1222,272,65,10778.87,0.005733397037744864,137
1223,USER_1223,179,8,1015.81,0.029411764705882353,179
1224,USER_1224,209,21,3093.93,0.012158054711246199,166
1225,USER_1225,26,14,1901.83,0.022556390977443608,26
1226,USER_1226,181,26,4716.12,0.015567765567765568,91
1227,USER_1227,15,6,927.0999999999999,0.05555555555555555,15
1228,USER_1228,92,16,1789.28,0.02283653846153846,82
1229,USER_1229,135,29,4207.37,0.012658227848101266,135
1230,USER_1230,65,22,2677.87,0.0183982683982684,83
1231,USER_1231,226,4,1295.06,0.0625,226
1232,USER_1232,58,39,8320.27,0.007827260458839407,105
1233,USER_1233,33,9,2102.23,0.032679738562091505,33
1234,USER_1234,28,25,4137.15,0.01581395348837209,212
1235,USER_1235,22,5,461.86999999999995,0.046153846153846156,22
1236,USER_1236,185,28,3927.41,0.01507936507936508,106
1237,USER_1237,9,14,2740.3,0.011278195488721804,169
1238,USER_1238,28,14,2522.31,0.008403361344537815,43
1239,USER_1239,3,34,7374.16,0.010436432637571158,190
1240,USER_1240,334,2,22.470000000000002,0.0,334
1241,USER_1241,171,17,6413.7699999999995,0.028616852146263912,171
1242,USER_1242,120,13,1941.49,0.017094017094017092,166
1243,USER_1243,44,33,4399.71,0.00883838383838384,77
1244,USER_1244,125,47,6636.1,0.009904622157006602,107
1245,USER_1245,262,2,161.44,0.25,262
1246,USER_1246,192,14,1956.6100000000001,0.03401360544217687,241
1247,USER_1247,95,7,1025.39,0.05952380952380953,95
1248,USER_1248,102,18,2082.58,0.01951951951951952,231
1249,USER_1249,363,5,544.02,0.0,363
1250,USER_1250,136,20,2181.82,0.016,93
1251,USER_1251,260,3,1290.0,0.13333333333333333,260
1252,USER_1252,36,26,6629.53,0.012522361359570662,36
1253,USER_1253,256,1,219.45000000000002,1.0,256
1254,USER_1254,18,3,827.71,0.06666666666666667,18
1255,USER_1255,209,38,6762.36,0.00829127613554434,105
1256,USER_1256,136,23,2537.56,0.020564042303172738,146
1257,USER_1257,210,7,1042.56,0.047619047619047616,210
1258,USER_1258,256,7,807.62,0.025210084033613446,256
1259,USER_1259,11,5,802.0,0.075,160
1260,USER_1260,66,6,472.97,0.0625,211
1261,USER_1261,35,57,10314.9,0.005599104143337067,35
1262,USER_1262,287,6,896.96,0.04545454545454545,287
1263,USER_1263,107,7,262.71000000000004,0.04395604395604396,231
1264,USER_1264,202,4,258.0,0.05,202
1265,USER_1265,91,14,2162.9900000000002,0.031746031746031744,91
1266,USER_1266,11,33,5717.79,0.010774410774410775,6
1267,USER_1267,21,106,17777.3,0.0034546904065904864,63
1268,USER_1268,66,14,2649.03,0.016129032258064516,66
1269,USER_1269,9,8,1011.91,0.056818181818181816,5
1270,USER_1270,223,9,1544.75,0.023391812865497075,177
1271,USER_1271,228,1,241.68,0.5,228
1272,USER_1272,208,4,350.28,0.08333333333333333,208
1273,USER_1273,222,6,511.03999999999996,0.023809523809523808,151
1274,USER_1274,253,29,5284.69,0.010079575596816976,127
1275,USER_1275,49,2,323.75,0.125,49
1276,USER_1276,340,2,161.13,0.25,340
1277,USER_1277,362,4,564.03,0.07142857142857142,362
1278,USER_1278,205,17,2483.56,0.015047879616963064,205
1279,USER_1279,334,2,1100.31,0.15384615384615385,334
1280,USER_1280,144,23,3507.91,0.019520851818988466,144
1281,USER_1281,19,2,206.89,0.5,19
1282,USER_1282,339,6,1244.36,0.06790123456790123,339
1283,USER_1283,132,14,1757.41,0.009852216748768473,67
1284,USER_1284,356,2,152.39999999999998,0.125,356
1285,USER_1285,103,25,6054.25,0.010909090909090908,81
1286,USER_1286,31,26,4630.33,0.01748251748251748,178
1287,USER_1287,122,39,5076.68,0.009861932938856016,139
1288,USER_1288,160,17,3145.5,0.02100840336134454,160
1289,USER_1289,58,42,5723.61,0.008417508417508417,126
1290,USER_1290,171,11,755.18,0.027972027972027972,171
1291,USER_1291,298,28,4398.73,0.013095238095238094,298
1292,USER_1292,97,56,11731.93,0.004680998613037448,97
1293,USER_1293,29,19,3905.86,0.021442495126705652,15
1294,USER_1294,115,33,6573.85,0.01393939393939394,115
1295,USER_1295,83,104,16896.51,0.0038361897170187324,93
1296,USER_1296,287,1,119.0,0.0,287
1297,USER_1297,234,22,2353.19,0.008576329331046312,234
1298,USER_1298,30,46,5797.21,0.010163749294184076,30
1299,USER_1299,32,12,2412.56,0.03333333333333333,160
1300,USER_1300,136,9,1211.55,0.07407407407407407,143
1301,USER_1301,202,1,15.99,1.0,202
1302,USER_1302,156,24,3755.6,0.010698198198198198,156
1303,USER_1303,353,4,577.8,0.09375,353
1304,USER_1304,87,1,13.59,1.0,87
1305,USER_1305,257,5,911.74,0.06666666666666667,257
1306,USER_1306,194,5,233.2,0.10909090909090909,168
1307,USER_1307,193,6,1501.54,0.0392156862745098,239
1308,USER_1308,257,1,324.24,0.4117647058823529,257
1309,USER_1309,13,19,4878.26,0.01797175866495507,13
1310,USER_1310,81,38,7793.31,0.010167464114832535,41
1311,USER_1311,302,5,400.88,0.09090909090909091,302
1312,USER_1312,27,26,5087.36,0.015762925598991173,108
1313,USER_1313,270,3,982.04,0.17777777777777778,270
1314,USER_1314,69,28,3120.59,0.012175324675324674,107
1315,USER_1315,293,6,1067.61,0.05555555555555555,293
1316,USER_1316,4,22,3337.8199999999997,0.019955654101995565,169
1317,USER_1317,111,38,6768.68,0.0110803324099723,147
1318,USER_1318,193,6,488.93,0.05263157894736842,204
1319,USER_1319,206,15,2803.5,0.021333333333333333,206
1320,USER_1320,152,4,969.96,0.15625,176
1321,USER_1321,256,2,37.17,0.16666666666666666,256
1322,USER_1322,258,3,552.65,0.06666666666666667,258
1323,USER_1323,277,18,2284.84,0.021825396825396824,277
1324,USER_1324,149,1,23.03,0.3333333333333333,149
1325,USER_1325,102,16,3031.16,0.03365384615384615,102
1326,USER_1326,87,6,517.0600000000001,0.09999999999999999,87
1327,USER_1327,286,1,48.99,0.0,286
1328,USER_1328,58,49,5675.5599999999995,0.008673469387755102,81
1329,USER_1329,69,6,1172.23,0.0462962962962963,75
1330,USER_1330,348,11,1845.71,0.045454545454545456,348
1331,USER_1331,62,28,6762.68,0.010651629072681704,255
1332,USER_1332,137,2,673.38,0.20833333333333334,145
1333,USER_1333,136,8,1086.84,0.04807692307692308,136
1334,USER_1334,92,17,2315.08,0.0196078431372549,60
1335,USER_1335,202,1,158.0,0.0,202
1336,USER_1336,47,56,7777.24,0.005516840882694542,89
1337,USER_1337,352,7,870.62,0.031746031746031744,352
1338,USER_1338,86,23,3913.73,0.01662404092071611,86
1339,USER_1339,94,9,2128.8,0.050505050505050504,94
1340,USER_1340,59,10,2099.2200000000003,0.025,59
1341,USER_1341,95,41,7011.13,0.00586600802716888,188
1342,USER_1342,189,15,1910.54,0.025,104
1343,USER_1343,38,46,9722.67,0.007803790412486065,149
1344,USER_1344,78,60,9188.15,0.0050420168067226885,95
1345,USER_1345,143,7,479.97,0.047619047619047616,143
1346,USER_1346,341,5,616.57,0.03333333333333333,341
1347,USER_1347,330,3,797.12,0.08888888888888889,198
1348,USER_1348,20,76,13236.99,0.0039147455415398,51
1349,USER_1349,288,11,1202.22,0.04132231404958678,145
1350,USER_1350,257,2,1840.04,0.2,257
1351,USER_1351,237,4,751.11,0.07142857142857142,209
1352,USER_1352,202,1,358.39,0.6666666666666666,202
1353,USER_1353,249,51,7230.68,0.0056022408963585435,63
1354,USER_1354,255,16,3186.93,0.02180232558139535,140
1355,USER_1355,17,263,46205.77,0.00138264777048047,34
1356,USER_1356,16,5,166.87,0.046153846153846156,122
1357,USER_1357,139,2,1401.98,0.3125,139
1358,USER_1358,339,177,34551.4,0.0017310582282333694,38
1359,USER_1359,348,9,1396.37,0.013071895424836602,348
1360,USER_1360,194,4,542.98,0.15,166
1361,USER_1361,82,28,4540.94,0.01326530612244898,135
1362,USER_1362,297,30,3217.7599999999998,0.013793103448275862,297
1363,USER_1363,79,6,859.1800000000001,0.041666666666666664,79
1364,USER_1364,95,8,1026.12,0.07954545454545454,95
1365,USER_1365,20,23,3988.27,0.014492753623188404,301
1366,USER_1366,186,23,4813.5,0.011387163561076606,151
1367,USER_1367,287,6,589.73,0.07291666666666667,287
1368,USER_1368,279,1,19.99,0.0,279
1369,USER_1369,353,4,1065.04,0.1388888888888889,353
1370,USER_1370,251,10,1829.01,0.03461538461538462,251
1371,USER_1371,26,54,8848.42,0.0057745917960971725,159
1372,USER_1372,61,7,829.28,0.06349206349206349,156
1373,USER_1373,87,9,1089.33,0.0462962962962963,87
1374,USER_1374,90,40,7289.2699999999995,0.010106382978723403,121
1375,USER_1375,31,56,10151.41,0.005124223602484472,84
1376,USER_1376,280,33,5442.5,0.009962640099626401,146
1377,USER_1377,170,10,1565.69,0.039285714285714285,271
1378,USER_1378,361,32,5279.32,0.008620689655172414,361
1379,USER_1379,18,19,1667.52,0.015789473684210527,80
1380,USER_1380,184,12,1036.86,0.03494623655913979,184
1381,USER_1381,238,17,2731.5299999999997,0.02028397565922921,120
1382,USER_1382,40,64,11344.22,0.005654761904761905,170
1383,USER_1383,177,4,206.67000000000002,0.0,182
1384,USER_1384,348,1,19.59,0.0,348
1385,USER_1385,10,2,273.18,0.25,10
1386,USER_1386,227,11,964.79,0.025252525252525252,81
1387,USER_1387,158,2,54.370000000000005,0.25,251
1388,USER_1388,256,19,6606.860000000001,0.021052631578947368,256
1389,USER_1389,176,8,852.55,0.0375,180
1390,USER_1390,119,39,6661.22,0.009768009768009768,179
1391,USER_1391,18,29,9796.22,0.013197105151128138,92
1392,USER_1392,342,23,4435.52,0.016149068322981366,342
1393,USER_1393,42,45,4679.24,0.00676328502415459,141
1394,USER_1394,333,26,4619.96,0.014423076923076924,333
1395,USER_1395,359,31,7527.650000000001,0.012523719165085389,359
1396,USER_1396,226,3,112.03999999999999,0.14285714285714285,226
1397,USER_1397,19,35,12532.34,0.010272873194221509,133
1398,USER_1398,341,33,5099.72,0.009790209790209791,341
1399,USER_1399,258,4,492.53999999999996,0.041666666666666664,258
1400,USER_1400,203,7,659.69,0.05714285714285715,203
1401,USER_1401,111,11,1888.99,0.027972027972027972,56
1402,USER_1402,172,8,1022.53,0.08333333333333333,144
1403,USER_1403,268,17,3843.43,0.02321981424148607,268
1404,USER_1404,235,18,2997.23,0.018055555555555557,118
1405,USER_1405,70,5,440.32,0.06666666666666667,70
1406,USER_1406,349,13,1614.89,0.013736263736263736,349
1407,USER_1407,40,23,2903.0,0.01847826086956522,223
1408,USER_1408,18,1,19.56,0.0,18
1409,USER_1409,142,3,35.95,0.19999999999999998,142
1410,USER_1410,88,7,461.41,0.03571428571428571,189
1411,USER_1411,18,95,14193.67,0.0034872457216661283,112
1412,USER_1412,275,28,4806.4,0.013528138528138528,275
1413,USER_1413,220,3,818.98,0.0,220
1414,USER_1414,205,5,712.62,0.08,205
1415,USER_1415,26,50,8623.28,0.006875,124
1416,USER_1416,91,6,1207.47,0.07575757575757576,225
1417,USER_1417,158,3,80.61000000000001,0.13333333333333333,158
1418,USER_1418,194,17,1680.45,0.01871657754010695,100
1419,USER_1419,116,33,5024.15,0.012593467138921685,116
1420,USER_1420,263,4,520.81,0.10714285714285714,263
1421,USER_1421,363,12,1830.27,0.025641025641025644,363
1422,USER_1422,45,19,2867.8,0.011695906432748537,99
1423,USER_1423,73,32,5204.4800000000005,0.01488095238095238,97
1424,USER_1424,124,15,2201.19,0.020689655172413793,298
1425,USER_1425,124,12,1537.65,0.01984126984126984,101
1426,USER_1426,32,12,1208.56,0.031746031746031744,119
1427,USER_1427,168,11,1426.1200000000001,0.028409090909090908,90
1428,USER_1428,258,14,2169.78,0.019841269841269844,100
1429,USER_1429,122,19,2987.52,0.024291497975708502,122
1430,USER_1430,105,33,3366.29,0.00883838383838384,89
1431,USER_1431,298,1,93.47,0.0,298
1432,USER_1432,168,77,10616.44,0.004608294930875576,54
1433,USER_1433,106,120,18954.3,0.0025666666666666667,106
1434,USER_1434,285,12,1692.28,0.019444444444444445,143
1435,USER_1435,48,45,10860.11,0.007764390896921018,25
1436,USER_1436,78,10,1616.34,0.03333333333333333,78
1437,USER_1437,222,1,30.38,0.0,222
1438,USER_1438,71,5,558.48,0.06,213
1439,USER_1439,33,24,4051.31,0.011904761904761904,33
1440,USER_1440,317,34,3186.59,0.009625668449197862,317
1441,USER_1441,79,8,752.73,0.05,79
1442,USER_1442,209,29,3775.6,0.010188087774294672,153
1443,USER_1443,140,9,1318.01,0.037037037037037035,140
1444,USER_1444,172,13,2609.43,0.020979020979020976,108
1445,USER_1445,12,15,2904.37,0.022857142857142857,241
1446,USER_1446,110,13,1817.14,0.03736263736263736,94
1447,USER_1447,104,6,413.74,0.049999999999999996,75
1448,USER_1448,269,1,8.399999999999999,1.0,269
1449,USER_1449,20,15,2124.03,0.027160493827160494,139
1450,USER_1450,23,17,4726.2,0.023017902813299233,23
1451,USER_1451,108,21,2803.25,0.009966777408637875,108
1452,USER_1452,219,12,1050.59,0.03125,192
1453,USER_1453,87,32,4403.6,0.013020833333333334,60
1454,USER_1454,256,2,90.75,0.5,206
1455,USER_1455,130,11,969.4200000000001,0.0371900826446281,93
1456,USER_1456,123,13,2482.02,0.03167420814479638,192
1457,USER_1457,202,2,134.99,0.5,156
1458,USER_1458,108,1,99.5,1.0,108
1459,USER_1459,34,27,5893.31,0.010683760683760682,212
1460,USER_1460,33,30,7692.95,0.00909090909090909,109
1461,USER_1461,18,6,2396.54,0.06349206349206349,18
1462,USER_1462,179,2,49.56,0.0,179
1463,USER_1463,270,3,544.34,0.14285714285714285,270
1464,USER_1464,87,19,2363.05,0.021052631578947368,99
1465,USER_1465,194,2,101.56,0.1875,173
1466,USER_1466,69,1,298.0,0.0,69
1467,USER_1467,82,53,6362.77,0.007029226785053644,114
